{"cameraMode":{"drawMode":0,"name":"Shaded","section":"Shading Mode"},"sceneLighting":false,"audioPlay":false,"sceneViewState":{"m_AlwaysRefresh":false,"showFog":false,"showSkybox":false,"showFlares":false,"showImageEffects":false,"showParticleSystems":false,"showVisualEffectGraphs":true,"m_FxEnabled":true},"in2DMode":false,"pivot":{"x":-5.960464477539063e-8,"y":0.891933798789978,"z":-0.012163668870925904},"rotation":{"x":-0.026209650561213495,"y":0.9657511711120606,"z":-0.10794373601675034,"w":-0.2344929277896881},"size":1.2017300128936768,"orthographic":false}