{"cameraMode":{"drawMode":0,"name":"Shaded","section":"Shading Mode"},"sceneLighting":false,"audioPlay":false,"sceneViewState":{"m_AlwaysRefresh":false,"showFog":true,"showSkybox":false,"showFlares":true,"showImageEffects":true,"showParticleSystems":true,"showVisualEffectGraphs":true,"m_FxEnabled":true},"in2DMode":false,"pivot":{"x":-0.6379013657569885,"y":1.0758558511734009,"z":1.3866604566574097},"rotation":{"x":0.05219351127743721,"y":0.6051492094993591,"z":0.0398099385201931,"w":-0.7934029698371887},"size":1.6038252115249634,"orthographic":false}