{"cameraMode":{"drawMode":0,"name":"Shaded","section":"Shading Mode"},"sceneLighting":false,"audioPlay":false,"sceneViewState":{"m_AlwaysRefresh":false,"showFog":true,"showSkybox":false,"showFlares":true,"showImageEffects":true,"showParticleSystems":true,"showVisualEffectGraphs":true,"m_FxEnabled":true},"in2DMode":false,"pivot":{"x":-5.960464477539063e-8,"y":0.891933798789978,"z":-0.012163668870925904},"rotation":{"x":-0.018072880804538728,"y":0.6098700165748596,"z":-0.013913294300436974,"w":-0.7921742796897888},"size":1.2017300128936768,"orthographic":false}