{"cameraMode":{"drawMode":0,"name":"Shaded","section":"Shading Mode"},"sceneLighting":true,"audioPlay":false,"sceneViewState":{"m_AlwaysRefresh":false,"showFog":true,"showSkybox":true,"showFlares":true,"showImageEffects":true,"showParticleSystems":true,"showVisualEffectGraphs":true,"m_FxEnabled":true},"in2DMode":false,"pivot":{"x":0.2596650719642639,"y":9.89956283569336,"z":21.89348793029785},"rotation":{"x":-0.05428466200828552,"y":-0.008380348794162274,"z":0.0005348095437511802,"w":-0.9985718727111816},"size":1.260898470878601,"orthographic":false}