{"cameraMode":{"drawMode":0,"name":"Shaded","section":"Shading Mode"},"sceneLighting":true,"audioPlay":false,"sceneViewState":{"m_AlwaysRefresh":false,"showFog":true,"showSkybox":true,"showFlares":true,"showImageEffects":true,"showParticleSystems":true,"showVisualEffectGraphs":true,"m_FxEnabled":true},"in2DMode":false,"pivot":{"x":0.3251965641975403,"y":3.1314165592193605,"z":-3.3175723552703859},"rotation":{"x":-0.10062562674283982,"y":0.018504438921809198,"z":-0.0018643905641511083,"w":-0.9947903156280518},"size":0.8660253882408142,"orthographic":false}