{"cameraMode":{"drawMode":0,"name":"Shaded","section":"Shading Mode"},"sceneLighting":false,"audioPlay":false,"sceneViewState":{"m_AlwaysRefresh":false,"showFog":true,"showSkybox":false,"showFlares":true,"showImageEffects":true,"showParticleSystems":true,"showVisualEffectGraphs":true,"m_FxEnabled":true},"in2DMode":false,"pivot":{"x":0.024892091751098634,"y":0.8624823689460754,"z":-0.06004496291279793},"rotation":{"x":-0.018072880804538728,"y":0.6098700165748596,"z":-0.013913294300436974,"w":-0.7921742796897888},"size":1.071214199066162,"orthographic":false}